{"cameraMode":{"drawMode":0,"name":"Shaded","section":"Shading Mode"},"sceneLighting":true,"audioPlay":false,"sceneViewState":{"showFog":true,"showMaterialUpdate":false,"showSkybox":true,"showFlares":true,"showImageEffects":true,"showParticleSystems":true},"in2DMode":false,"pivot":{"x":594.332275390625,"y":-43.45355224609375,"z":2416.517578125},"rotation":{"x":-0.07671480625867844,"y":-0.023332063108682634,"z":0.0017957832897081972,"w":-0.9967784285545349},"size":3517.11181640625,"orthographic":false}