{"cameraMode":{"drawMode":0,"name":"Shaded","section":"Shading Mode"},"sceneLighting":true,"audioPlay":false,"sceneViewState":{"showFog":true,"showMaterialUpdate":false,"showSkybox":true,"showFlares":true,"showImageEffects":true,"showParticleSystems":true},"in2DMode":false,"pivot":{"x":412.0696105957031,"y":-43.08203125,"z":1140.615478515625},"rotation":{"x":0.3299309313297272,"y":0.020413998514413835,"z":-0.0071365199983119968,"w":0.9437573552131653},"size":3362.639892578125,"orthographic":false}